album_title,song_title,lyrics
Ember To Inferno,Inception The Bleeding Skies,[Instrumental]
Ember To Inferno,Pillars Of Serpents,"""I'm alive!""""I'm alive!""Final words of a god left drowningBurned aliveBurned aliveScorch the angels out from the skiesBuilding up the walls to surround us inFrom a world built on sinBuilding up the strength for the releaseFrom a world corruptedTo be unseenWith the eyesFor it's the ground that we lie onOpen wideOpen mindNail your mouths shut it's this worldWasting lives awayConsume to fillingOnly wakingFor the feedingGive me spark to light the worldUp in flames reigniteA changing to better timesEnd this nowPillarsSerpentsMake it overGive me spark to light the worldUp in flames reigniteA changing to better timesEnd this nowSo no more are these dreams of angelsWashed away with the tears"
Ember To Inferno,If I Could Collapse The Masses,"In timeYou'll realizeThat life is but a moldTo be one with the seasIs to fly on broken wingsCraft itTo how you see fitRecognize powers you holdTo be one with the seasIs to fly on broken wingsI swear by the blood I have shedIn this battle I still stand opposingBurning awayConformities shacklesTo rely on the hand that still feeds youSuffocates all that you could have beenTo achieveThe victoryIs to set yourself freeTo be one with the seasIs to fly on broken wingsI swear by the blood I have shedIn this battle I still stand opposingBurning awayConformities shacklesTo rely on the hand that still feeds youSuffocates all that you could have beenBurning BurningFaster FasterAre your revolutionistsIf I could collapse the massesWe'd be free to grow our wingsIn time you'll realizeThat life is but a moldTo be one with the seasIs to fly on broken wingsI swear by the blood I have shedIn this battle I still stand opposingBurning awayConformities shacklesTo rely on the hand that still feeds youSuffocates all that you could have beenIn this battle I still stand opposingBurning awayConformities shacklesTo rely on the hand that still feeds youSuffocates all that you could haveTo set yourself free"
Ember To Inferno,Fugue (A Revelation),"As I stand at the edge of existenceNameless shores of infinityPerpetual un-birth unraveling distanceClandestine truths unveiledInborn imperfectionsPre-programmed shellsSpawning from the maelstromMechanical drones feeding from thy motherGod machine reproduceUntruth is this my fate?Coerced my life laid to wasteUntruth is this my fate?Coerced my life laid to wasteAll hail executionAs this dream comes to its grim endBlind pray to God to make them menAs all hopes crumble truths unveiledThe world we know's an abysmal hellDisturbed state of consciousnessIncessant black madnessPerpetual un-birth unraveling distanceClandestine truths unveiledUntruth is this my fate?Coerced my life laid to wasteUntruth is this my fate?Coerced my life laid to wasteAll hail executionAs this dream comes to its grim endBlind pray to God to make them menAs all hopes crumble truths unveiledThe world we know's an abysmal hellUntruth is this my fate?Coerced my life laid to wasteUntruth is this my fate?Coerced my life laid to wasteAll hail executionAs this dream comes to its grim endBlind pray to God to make them menAs all hopes crumble truths unveiledThe world we know's an abysmal hellAs this dream comes to its grim endBlind pray to God to make them menAs all hopes crumble truths unveiledThe world we know's an abysmal hell"
Ember To Inferno,Requiem,"How can you just stand there and stare?The world burns alight the airFire of passion igniteOpen yourselves to fightTo reigniteThe willDeafening callTo killThe structure ofArchetypeAbhorrenceTo collapse all I've learnedTo absorb with open eyes to see thisRevelation new serenityDestruction disharmonyTo see thisI'll wait for youTo rise from this dreamI will be waiting for youTo rise from thisGazing at twilight's endArms raised chant extolThe structure ofArchetypeAbhorrenceTo collapse all I've learnedTo absorb with open eyes to see thisRevelation new serenityDestruction disharmonyTo see thisI'll wait for youTo rise from this dreamI will be waiting for youTo rise from this dreamIf our world ended today would you sufferOr just sit there awaiting damnationHow can you just stand there and stare?The world burns alight the airThe structure ofArchetypeAbhorrenceTo collapse all I've learnedTo absorb with open eyes to see thisRevelation new serenityDestruction disharmonyTo see thisI'll wait for youTo rise from this dreamI will be waiting for youTo rise from this dream"
Ember To Inferno,Ember To Inferno,"In birthJust an emberA spark of creationTowards genesisWith vision of dominionAnd godlinessWith visionGodlinessIt will takeAll you have heldIn evolution's de-signIt will burn upAll obstaclesChanging opposition to a carnal ashWith visionGodlinessIt will takeAll you have heldSacredSacredWith visionGodlinessStay here 'til the windowsStop burning for your dreams'til the windows stop burning for your -From ember to infernoFrom ember to infernoIn birthJust an emberA spark of creationTowards genesisWith vision of dominionAnd godlinessWith visionGodlinessIt will takeAll you have heldSacredSacredWith vision godlinessStay here 'til the windowsStop burning for your dreams'til the windows stop burning for your -From ember to infernoFrom ember to infernoSacredIn evolution's de-signIt will burn upAll obstaclesChanging opposition to a carnal ashWith visionGodlinessIt will takeAll you have heldSacredSacredWith vision godlinessStay here 'til the windowsStop burning for your dreams'til the windows stop burning for your -From ember to infernoFrom ember to inferno"
Ember To Inferno,Ashes,[Instrumental]
Ember To Inferno,To Burn The Eye,"A mind lost within its own selfExisting toFeed its hungerYour body hollowed empty shellAwaiting feedOf the agesDarkness will cover the mindCasting a shadeOn reasoningImmolation of the human selfConflagrationOf the egoBurn in your own hellLife grand holding cellTwo become as oneOne become a slaveBurn the eye to blindKeeping truth from mindBreathe in the lifeBreathe in the lieNo longer are you humanJust a leech ofThe addictionLoathing 'til insanityMental deter-iorationBurn in your own hellLife grand holding cellTo destroy the faithIn humanityBurn the eye to blindKeeping truth from mindBreathe in the lifeBreathe in the lieLife shell - shocks your empty shellHatredFor those privileged unlike youYou think you will winBut you can'tFace theSystem ofSelfDestructionLifeSkins mind bleeding dryHatredFor the self and the lifeTo destroy the faithIn humanityBurn the eye to blindKeeping truth from mindBreathe in the lifeBreathe in the lieBurn the eye to blindKeeping truth from mind"
Ember To Inferno,Falling To Grey,"In this dayAspirations star decayedIt was the light of our desiresA fire burnsIn the mindTorching once fundamental truthsDown (down)Fall (fall)Down (down)Fall (fall)Self loathingIt's your state of mindDrowning in dejectionHomicidalOf your talentsIt's mental suicideDown (down)Fall (fall)Down (down)Fall (fall)Down (down)Fall (fall)Down (down)Fall (fall)One by oneThey all drownDown the path I can't hearTo feel this pain with youTo feel this pain with youTo feel this pain I'm falling to greyTo feel this pain with youBuried dreamsWill wither driedSorrow is your guideYou haven't the will to carry onYou'll feel better when you're goneDown (down)Fall (fall)Down (down)Fall (fall)Down (down)Fall (fall)Down (down)Fall (fall)One by one they all drownDown the path I can't hearTo feel this pain with youTo feel this pain with youTo feel this pain I'm falling to greyTo feel this pain with youIf I may realign the scripturesFor fallacy's decayReclamation of the spiritFirst step in taking back your lifeDown (down)Fall (fall)Down (down)Fall (fall)Down (down)Fall (fall)Down (down)Fall (fall)One by one they all drownDown the path I can't hearTo feel this pain with youTo feel this pain with youTo feel this pain I'm falling to greyTo feel this pain with you"
Ember To Inferno,My Hatred,"So you think you've wonCome take a walk insideThis enraged pissed off mindIt's calling for youFeel Feel My HatredIt bleeds downOn your faithLusted for so longFor the momentLying broken in a cornerHere it comesFeel Feel your endingIt's so grim and cold hereHow can this be for real?I thought I already killed youAncient and immortalizedWill be my hate foreverFor your kindHuman kind"
Ember To Inferno,When All Light Dies,"In this chasm lying brokenIs a childCharred insideNo more is there any hopeShattered bonesBloodied scarsDe-liver meTowards the soilCloseUp the sunGrant me restIn worms coilIt's so beautifulWorld outsideOf this cellWith a somber gazeI take inWhat will never bePrayed to be freeBroken on my kneesGod won't appearWhen all light diesIt's my only wish to dieFree myselfFrom your reign of terrorSo many times swear I diedWhy won't the blood lossKill me?De-liver meTowards the soilCloseUp the sunGrant me restIn worms coilIt's so beautifulWorld outside of this cellWith a somber gazeI take in what will never bePrayed to be freeBroken on my kneesGod won't appearWhen all light diesMake me swearIf I see your faceAgainI'd make you payFor the yearsOf abuseFuck youTie you upMake you bleedTear you apartLimb from limbSo many yearsI've held this inI wantTo take your lifeMake me swearIf I see your face againTie you upMake you bleedJust like me"
Ember To Inferno,A View Of Burning Empires,"And it was the last thing they sawEveryone seemed to freeze at onceAnd watch For it was the most beautifulAnd frightening thing anyone has ever seenThe blaze climbed the horizonsEclipsing the sunThe cerulean skies exploded into blinding whiteThe earth convulses and seizures All goes black"
Ember To Inferno,Blinding Tears Will Break The Skies,"One by oneThey fallTo ensureLibertyFreedom fightersRaise your fistsTo ensureVictoryOne by oneThey fallTo ensureLibertyFreedom fightersRaise your fistsTo ensureVictoryThis lifeIs aBattleWe must fightTo ensure (to ensure)TheyCan'tTake what's in our heartsIt'sAllThat we truly ownThey'll try to take (try to take)What's really ours (really ours)They'll never take (never take)What's in our heartsThe silence moves everything once held beatingInto alignment with the skiesThe silence moves everything once held beatingInto alignment with the skiesOne by oneThey fallTo ensureLibertyFreedom fightersRaise your fistsTo ensureVictoryThis lifeIs aBattleWe must fightTo ensure (to ensure)TheyCan'tTake what's in our hearts;It'sAllThat we truly ownIt's time we take (try to take);What's really ours (really ours)They'll never take (never take);What's in our heartsThe silence moves everything once held beating;Into alignment with the skiesThe silence moves everything once held beating;Into alignment with these skiesThis war isOn everythingThat you find comfort inAll IWant isFor your kindTo burnThis war isOn everythingThat you find comfort inAll IWant isFor your kindTo burnOne by oneThey fallTo ensureLibertyFreedom fightersRaise your fistsTo ensureVictoryThis lifeIs a battleWe will fightTo ensure (to ensure)TheyCan'tTake what's in our heartsIt'sAllThat we truly ownThey'll try to take (try to take)What's really ours (really ours)They'll never take (never take)What's in our heartsThe silence moves everything once held beatingInto alignment with the skiesThe silence moves everything once held beatingInto alignment with the skies"
Ember To Inferno,The Decieved,"Disintegration constituents to decompose of the partsA malformation utopia systematic unity can't be achievedBe numb to all the thingsThat force you to frameBe numb to all the thingsThat force you to frameWe are the deceivedLost in the foreseenWe are the deceivedLost in the foreseenTo wait for aforementioned dreams time will only tellTell that the promised have been failedBehold your fellow man through centuries of controlAdhering to the decrees of a manufactured godDisintegration constituents to decompose of the partsA malformation utopia systematic unity can't be achievedBe numb to all the thingsThat force you to frameBe numb to all the thingsThat force you to frameWe are the deceivedLost in the foreseenWe are the deceivedLost in the foreseenTo wait for aforementioned dreams time will only tellTell that the promised have been failedBehold your fellow man through centuries of controlAdhering to the decrees of a manufactured godBehold your fellow man through centuries of controlAdhering to the decrees of a manufactured godTo wait for aforementioned dreams time will only tellTell that the promised have been failedTo wait for aforementioned dreams time will only tellTell that the promised have been failed"
Ember To Inferno,Demon,"Pull the blood upon your faceGrip dementiaI am now enslaved through hateSuffer my fate decideDecideShot in their blackened tombsDeath burning my eyesInvert birth great fiery wombTime to ever dieDieFeeling death consumingDeaths head all around meFeel death roundFeel death boundDemons scream and pull me inLook behold the fleshKingdom built of rotting skinEnter gates of hellFeel life dieFeel you die"
Ember To Inferno,The Storm,"Out from the darkness my future is hereA frigid cold grips my veinsForetold through ages beckoning fearMy nightmare's finally hereTime has now come look to the sunA grand failureThe sky crumbles heavens followThe end is hereOut from the endless hell frozen forestI hear the ear piercing screamsGrey empty skies fill with black cancerThe beasts are coming for meAs I stand paralyzed consumed frozen by my fearSun falls reignite the endThe endNow that it's over done with and goneI reach cursing the sunBlood thirsty warlords take to the skyIcy plains graves here I dieAs the pain rises up againI question even being humanAbsurd evil seared into mine eyesIts here I forever dieDie"
Ember To Inferno,Sworn,"Sworn to fight evils of nightClad in black legions attackStorming castle stealing lifeRetribution fill my veinsNothing left but fireThis is the end of lifeSo say your prayersThis is the end of lifeSo say your prayers(Prayers) can't take the pain awayDressed in night hope angels still prey"
Ascendancy,The End Of Everythin,[Instrumental]
Ascendancy,Rain,"Every time I'm left aloneMy miseryBegins to drown meTied by a ropeOf anxietyThrown overboardAs I'm pulled under the tidesOf this fast-paced world (of this fast paced world)I refuse to seeThe time will always be (the)The thing that kills me truly (truly)I'll open these eyes waking (waking)From a dream feigning (feigning)My lungs fill up with letdownDisappointmentIn self and everyoneExpectations and failureAbandonmentMy un-saviorAs I'm pulled under the tidesOf this fast-paced world (of this fast paced world)I refuse to seeThe time will always be (the)The thing that kills me truly (truly)I'll open these eyes, waking (waking)From a dream feigning (feigning)AbsolutionAt the sight ofYour demiseI know what I must doChokeDie choking on your every wordSwallow every blasphemyAbsolution at the sight of your demiseI know what I must doSwallow every blasphemyEat out your heart and make it bleedTie the nooseAround my neckMakeThisLife end"
Ascendancy,Pull Harder On The Strings Of Your Martyr,"The faceAnd the lipsTrembleAs it ripsYour breathQuickeningAs he rushes inPull harderStrings martyr""Stop,"" you cry""That's a lie!""Flush gaspingWhite reddeningYou smile and destroy itIt's time that we end thisIt's our curse that makes this world so hopelessAllowing our king to spread his genocidal wingsClawingThe skinEach killYour weaknessAnnihilationYour masturbationTyrant, I'll burn you downPull harderStrings, martyr""Stop,"" you cry""That's a lie!""Flush gaspingWhite reddeningYou smile and destroy itIt's time that we end thisIt's our curse that makes this world so hopelessAllowing our king to spread his genocidal wingsIt's our curse that makes this world so hopelessAllowing our king to spread his genocidal wingsMy hands grip your throatI need your endBurned, staked, ripped apartI avengeFor every life you have takenI am here to repayYou ask me, ""Oh, God, why?""Cause I'm God's fucking whyFor every life you have takenI am here to repayPull harderStrings, martyr""Stop,"" you cry""That's a lie!""Flush gaspingWhite reddeningYou smile and destroy itIt's time that we end thisIt's our curse that makes this world so hopelessAllowing our king to spread his genocidal wingsIt's our curse that makes this world so hopelessAllowing our king to spread his genocidal wings"
Ascendancy,Drowned And Torn Asunder,"Forcefeed them your waysDictate up a blinded swarmSociety's afraidDeclaration (declaration)Of rebellion (of rebellion)We will not stand defeatDeconstructing their holdOur vengeanceWill be tenfoldDeconstructing their holdOur vengeanceWill be tenfold[Chorus]Our enemies will be drownedThe opposing torn asunderTake all your lives backArson to all they createThe time is now to lead the battleDeclaration (declaration)Of rebellion (of rebellion)We will not stand defeatDeconstructing their holdOur vengeance will be tenfoldDeconstructing their holdOur vengeance will be tenfoldOur enemies will be drownedThe opposing torn asunderDeconstructing their holdOur vengeance will be tenfoldDeconstructing their holdOur vengeance will be tenfoldOur enemies will be drownedThe opposing torn asunderOur enemies will be drownedThe opposing torn asunder"
Ascendancy,Ascendancy,"All this life shrouded in a veilOf deception in associationBut now I will witness theeWith unblinded open eyesJudas I bury you in your own bloodYou only held me downFrom what I was supposed to beAscend above the ashesOf the world I once knewAll this life shrouded in a veilOf deception in associationBut now I will witness theeWith unblinded open eyesJudas I bury you in your own bloodYou only held me downFrom what I was supposed to beAscend above the ashesOf the world I once knewAscendancy is the only thing this will proveGo!I spread the fuel with ireDesire (desire)To incinerate allBehold I risePhoenix!Phoenix!Ascend above the ashes!Ascend above it all!Ascend above the ashes!Ascend above it all!Judas I bury you in your own bloodYou only held me downFrom what I was supposed to beWas supposed to be!Ascend above the ashesOf the world I once knewAscendancy is the only thingThis will proveAscend above the ashesOf the world I once knewAscendancy is the only thingThis will prove"
Ascendancy,Gunshot To The Head Of Trepidation,"You starve your children on neglectThen feed their bellies with fear (bellies with fear)Concussion bat to the brainWitness to a battered mother (battered mother)Your abuse will end right hereNo longer will your family fear (no longer will your family fear)A gunshot to the head of trepidation (trepidation)My promise if you ever lay a fingerJust look at the scars you makeYour terror makes your kids break (make your kids break)A broken home, just as you were raisedWith fist raised up to your childrenYour abuse will end right hereNo longer will your family fearA gunshot to the head of trepidationMy promise if you ever lay a fingerThis battle is on allYou've made beautifulNow hatefulYou wretched life wreckerAbuserNow sufferOpen fireOn the desire of the manOpen fireWith strife, we'll strike down the handIf I can't make you see the damage you've made(Open fire, build the pyre)I'll make you wish you'd never been alive(Open fire, build the pyre)Hey x24Open fireOn the desire of the manOpen fireWith strife we'll strike down the handOpen fireOn the desire of the manOpen fireWith strife, we'll strike down the handIf I can't make you see the damage you've made(Open fire, build the pyre)I'll make you wish you'd never been alive(Open fire, build the pyre)"
Ascendancy,Like Light To The Flies,"Behold, our beloved revels in tragedyIn tragedySelf-denying avarice for bloodshedBehold, hypocriteThose who run will be burnedThose who run will be burnedThose who run will be burnedThose who run will be burnedDevoutly wished for blinded eyesThis tragedy's like light to fliesThis seems to suit you betterBleeding out the eyesHope's left in chain suspensionHolding onto lies to make the truthBehold, our beloved revels in tragedyIn tragedySelf-denying avarice for bloodshedBehold, hypocriteThose who run will be burnedThose who run will be burnedThose who run will be burnedThose who run will be burnedDevoutly wished for blinded eyesThis tragedy's like light to fliesThis seems to suit you betterBleeding out the eyesHope's left in chain suspensionHolding onto lies to make the truthDevoutly wished for blinded eyesThis tragedy's like light to fliesIt seems to suit you better bleeding out the eyes(bleeding out the eyes)Hope's left in chain suspensionHolding onto lies to make the truthIt seems to suit you better bleeding out the eyes(bleeding out the eyes)Hope's left in chain suspensionHolding onto lies to make the truth"
Ascendancy,Dying In Your Arms,"I'm wearing thin, wearing out, becoming weakHolding hands with this ropeShe's my self-destructive bleeding diseaseThe things that makes it hard to breatheBut if I shoved you far awayThis addict just starved again, asphyxiatedAnd now I see it's you that's tearing meEnsnaring meThis is me dying in your armsI cut you out; now set me freeLynched high above what used to beIn her gallows built for meSo I escaped; cut this noose around my neckI break free to see the things you blinded meAnd I shoved you far awayNow I live the life I dreamed ofYou're dead to meAnd now I see it's you that's tearing meEnsnaring meThis is me dying in your armsI cut you out; now set me freeYou poisoned my lifeSo I take this knifeAnd I cut you outCut you outAnd now I see it's you that's tearing meEnsnaring meThis is me dying in your armsI cut you out; now set me freeSet me free...set me free"
Ascendancy,The Decieved,"Disintegration constituents to decompose of the partsA malformation utopia systematic unity can't be achievedBe numb to all the thingsThat force you to frameBe numb to all the thingsThat force you to frameWe are the deceivedLost in the foreseenWe are the deceivedLost in the foreseenTo wait for aforementioned dreams time will only tellTell that the promised have been failedBehold your fellow man through centuries of controlAdhering to the decrees of a manufactured godDisintegration constituents to decompose of the partsA malformation utopia systematic unity can't be achievedBe numb to all the thingsThat force you to frameBe numb to all the thingsThat force you to frameWe are the deceivedLost in the foreseenWe are the deceivedLost in the foreseenTo wait for aforementioned dreams time will only tellTell that the promised have been failedBehold your fellow man through centuries of controlAdhering to the decrees of a manufactured godBehold your fellow man through centuries of controlAdhering to the decrees of a manufactured godTo wait for aforementioned dreams time will only tellTell that the promised have been failedTo wait for aforementioned dreams time will only tellTell that the promised have been failed"
Ascendancy,Suffocating Sight,"I am but a farce, a satire of stabilityInsecurity is an uphill struggleIt's me versus the worldThe shore still starves for anotherNovel of my shipwrecked beingTied up, dried, and I'm still breathingThe sands of time, for me, are running outMy hands shake in apprehensionOf every actionI'm guilty ofPlaying the victimThe shore still starves for anotherNovel of my shipwrecked beingTied up, dried, and I'm still breathingThe sands of time, for me, are running outJust like the embrace of arms thatMade youWill surely destroy youIt's time for your panicThen it killsMakes you manicMaking its way insideRelax it's all rightMaking its way insideRelax it's all rightPanic grips your frantic breathingI can't breathe, I can't breathe, I can't breathe!Just like the embrace of arms thatMade youWill surely destroy youJust like the embrace of arms thatMade youThey'll surely destroy youJust like the embrace of arms thatMade youThey'll surely destroy youJust like the embrace of arms thatMade youThey'll surely destroy youJust like the embrace of arms thatMade youThey'll surely destroy you"
Ascendancy,Departure,"This weight is so unbearable, caving my lungsAll my life seems to be flashing in front of my eyesRun away from all the pain, all the pain in lifeRun away from the pain of lifeWays of devotion turn to obsession; open your eyesI want you to see what you've done to meCrying out those eyesRun away from all the pain, all the pain in lifeRun away from the pain of lifeBring my end to an endDistance yourself from the painThat covers meAs I reach out for your handTo find there's nothing left for meRazors kiss the vein, overdose for painA 12-gauge cross kisses the foreheadA savior in a shellSever me from the fallFuck the people, fuck the world, fuck it allOpen my armsBleed out the floodIn crimson, I begin to drown"
Ascendancy,Declaration,"""Freedom"" is all I have to say in defenseOf what the world's becomingA nation hell-bent on choosing what's rightAnd how we should all live our livesFuck their ways; it is time to break freeFuck their hate; acceptance is what we needEquality for every race, sex, sexualityAnd every choice to live our livesAnd to you, bigot, cretin, ignoramusMind your own goddamn fucking businessFuck their ways; it is time to break freeFuck their hate; acceptance is what we needHolding onto what makes us wholeNever letting their poison take controlFreezing the air (that stands between all of us)Closing the eyes (bear witness to me)Feeling the fear (that stands between all of us)Closing the eyes (bear witness to me)I'll be right hereFalling awayFighting on principleI'll die one thousand timesBefore I'll ever be themFighting on principleI'll die one thousand timesBefore I'll ever be themBurn the scripturesBury the governingFree yourselfBreak the structuresDeclare freedomBurn the scripturesBury the governingFree yourselfBreak the structuresDeclare freedomBurn the scripturesBury the governingFree yourselfBreak the structuresDeclare freedomBurn the scripturesBury the governingFree yourselfBreak the structuresDeclare freedomBURN""Freedom"" is all I have to say in defenseOf what the world's becomingA nation hell-bent on choosing what's rightAnd how we should all live our livesFuck their ways; it is time to break freeFuck their hate; acceptance is what we needHolding onto what makes us wholeNever letting their poison take controlFreezing the air (that stands between all of us)Closing the eyes (bear witness to me)Feeling the fear (that stands between all of us)Closing the eyes (bear witness to me)Freezing the air (that stands between all of us)Closing the eyes (bear witness to me)Feeling the fear (that stands between all of us)Closing the eyes (bear witness to me)"
Ascendancy,Washing Away Me In The Tides,"Disgusted with what I seeSo many pieces left of you and meGlass falls like rainI'll crucify you for this pain.....for this painTonight I leave this townIn love I'd burn it all downTo the ground you're nothing to meTo the ground you're fucking killing meAbandon all hope washing away me in the tidesUnclenching the fists made round my neck accepting the endLonging to see your faceSo my hand can form into a maceEverything smells of youEven the gasoline that covers you"
The Crusade,Ignition,"Raise the guns at every self-made suspicionBuild the bombs, corrupt policy's decisionThat's the sound of integrity breaking its backIn a country founded as a thievery actRaise the guns at every self-made suspicionBuild the bombs corrupt policy's decisionTimes are dark with our children spoon-fed ignoranceInheritance of an anxious trigger fingerRaise the guns at every self-made suspicionBuild the bombs corrupt policy's decisionOur leaders preach, if we disagreeWe're the traitors of societyHomophobia, racism, sexismOur systems breed supremacyIgnition, inceptionBurning is a fuse to destructionBreak the walls of ignoranceTo disarm the world for its last chanceIgnition, inceptionBurning is a fuse to destructionBreak the walls of ignoranceTo disarm the world for its last chanceTime again for a war on an enemy that isn't realGreedy selfish warlordsFeed the agenda; death's the mealThat's the soundImpending fear crawling up your spineIn a country, where nothing is truly made clearRaise the guns at every self made suspicionBuild the bombs corrupt policy's decisionOur leaders preach if we disagreeWe're the traitors of societyHomophobia, racism, sexismOur systems breed supremacyIgnition, inceptionBurning is a fuse to destructionBreak the walls of ignoranceTo disarm the world for its last chanceIgnition, inceptionBurning is a fuse to destructionBreak the walls of ignoranceTo disarm the world for its last chance"
The Crusade,Detonation,"That's the sound of humanity melting awaySay goodbye; it's the end of daysFire rains down on the American DreamWatch all you love seethe and screamEach will dig their own gravesAnd bury themselves in life's failuresIt's our bombs; we've masterminded lighting the skiesHideous misfires; many dieThose who survive soon will suffocateBy the poisons we createEach will dig their own gravesAnd bury themselves in life's failuresDetonationWhen civilization crumbles, man will turnOn one another, killing trueThe darkest of times will then come to beThrough our selfish killer instinctsAnd now the ground we called our homeIs but a barren wastelandAnd now the ground we called our homeIs but a barren wastelandThe only sound drowning your criesIs the detonationIt seems we're running out of time(It seems we're running out of time)All good as dead; just stand in line(All good as dead; just stand in line)It seems we're running out of time(It seems we're running out of time)All good as dead; just stand in line(All good as dead; just stand in line)And now the ground we called our homeIs but a barren wastelandAnd now the ground we called our homeIs but a barren wastelandThe only sound drowning your criesIs the detonation"
The Crusade,Entrance Of The Conflagration,"A common womanLives by the BibleWedlocked, a prisonOf antiquationBrings life to the EarthWhile losing her mindTrying suicideHallucinating SatanForcing her own blood downBeneath the waters to drownLying dead with eyes wide openSpiraling downwardRefusing all helpSelf-mutilationNeglects the childrenDagger licks her neckDesiring escapeSuccumbing SatanRobbed by the seventh deadly sinForcing her own blood downBeneath the waters to drownLying dead with eyes wide openBelieving Satan was insideOrdering to abideTo destroy her cursed childrenEntrance of the conflagrationEntrance of the conflagrationConditions worsenSearching for answersIn Holy ScripturesSystematic planWater fills the tubAll of her childrenFloating lifelesslyInnocence chased down and drownedForcing your own blood downBeneath the waters to drownLying dead with eyes wide openBelieving Satan was insideOrdering to abideTo destroy your cursed children"
The Crusade,Anthem (We Are the Fire),"Just when they thought you were throughYou've burned their lies, now you're strengthened it's trueTurn your backs on your enemiesAnd let those motherfuckers rot in their jealousy!TheyCan't standThat the world's up for taking and we are adamantHell bentDetermined to dominate everythingWe are the fire!We are the fire!Resound the anthemThe music connects, unites us moreOur masses strengthened, unstoppable hordeWe're all now a familyTogether let's show the world what we sayTheyCan't standThat the world's up for taking and we are adamantHell bentDetermined to dominate everythingTurn your backs on your enemiesAnd let those motherfuckers rot in their jealousyWe're all now a familyTogether let's show the world what we sayWe are the fire!We are the fire!Resound the anthemWe are the fire!We are the fire!Resound the anthemWe are the fire!Woah WoahWoah WoahYeah YeahYeah YeahYeah YeahYEAH!We are the fire!We are the fire!Resound the anthemWe are the fire!We are the fire!Resound the anthemWe are the fire!We are the fire!Resound the anthemWe are the fire!We are the fire!Resound the anthemWe are the fire!"
The Crusade,Unrepentant,"A poor manWith four daughtersA wife and a sonDaughter commits adulteryOr so he was toldBought a knife and macheteAfter Friday's prayersFeared the young would follow oldThought all must be killedFor your honorYou will slaughterEvery one of your daughtersFor your honorYou will slaughterIt's you who should be slaughteredTerror grips the steel with hungerThirsting to avenge its soiled prideAshamed madmanYou take their lives away as they sleepThe blade kisses at their throatsLife bleeds without a chance to weepYou take and take their lives awayYou're the man unrepentantDon't you realizeYou murdered your own childrenCall that honorable cause?For your honorYou will slaughterEvery one of your daughtersFor your honorYou will slaughterIt's you who should be slaughteredTerror grips the steel with hungerThirsting to avenge its soiled prideAshamed madmanYou take their lives away as they sleepThe blade kisses at their throatsLife bleeds without a chance to weepYou take and take their lives awayFor your honorYou will slaughterEvery one of your daughtersFor your honorYou will slaughterIt's you who should be slaughteredTerror grips the steel with hungerThirsting to avenge its soiled prideAshamed madmanYou take their lives away as they sleepThe blade kisses at their throatsLife bleeds without a chance to weepYou take and take their lives away"
The Crusade,And Sadness Will Sear,"Shepherd is chased by the wolvesWolves who live by intolerance and hateFor what they couldn't understandBlinded and vicious are the beastsBeating and ripping at a pitiful humanUntil it's nothing more than meat itselfTied to the fence as they break youAnd sadness will searCold is the wind that will freeze youAnd sadness will searScarecrow is left crucified, left freezing, bleedingTied, and wondering why, the wolves just couldn't understandIt's the preachers, and the teachersGovernments, closed-minded creatures, try to teach usTo hate that which is differentTied to the fence as they break youAnd sadness will searCold is the wind that will freeze youAnd sadness will searIt's 12:53 AMOctober 12th when the scarecrow diedA victim of society's crueltyIt's 12:53 AMOctober 12th when the shepherd diedThe candles' light will alight your departureTied to the fence as they break youAnd sadness will searCold is the wind that will freeze youAnd sadness will searTied to the fence as they break youAnd sadness will searCold is the wind that will freeze youAnd sadness will sear"
The Crusade,Becoming The Dragon,"Swimming the river, ascendingFree of fear; filled with purposeNishikigoi fights through oceans of adversityAgainst the current to obtain the highest goalsSwim through oceans of suffering (swim through oceans)Climb to the falls of Dragon GateBecome...Transform from koi into a beastDragon...A living symbol of courageNo wave will shatter these scales (shatter these scales)Dreams of three eagle claws and the paws of a tigerWaterfall's up ahead; one thing left to doSwim through oceans of suffering (swim through oceans)Climb to the falls of Dragon GateBecome...Transform from koi into a beastDragon...You'll never stop the becoming, yeahThis dragon will rise and be kingAll bear witness to a great formEvolution is completeA breath that turns into clouds producing rain or fireWatch the world move according to each desireSwim through oceans of suffering (swim through oceans)Swim through oceans of suffering (swim through oceans)Climb to the falls of Dragon GateBecome...Transform from koi into a beastDragon..."
The Crusade,To The Rats,"You hide behind barricadesBuilt of faades, you think you're safeBut someday we all will find youCome to where you workAnd fucking tie youEvery lieShoved backDown your throatBy our handsA skull fuckFor every wordJust try to breatheDon't fuck with thisBreak every bone in your faceIf you mess with my life (mess with my life)I'll mess with your bloodAnd bury you in a coffin made of yourA coffin made of your deceptionsObsess as each second fadesIn denial of your mind-madeStill, your jealousy precedes youYou're really in loveWith all that I doEvery lieShoved backDown your throatBy our handsA skull fuckFor every wordJust try to breatheDon't fuck with thisBreak every bone in your faceIf you mess with my life (mess with my life)I'll mess with your bloodAnd bury you in a coffin made of yourA coffin made of your deceptionsThis is to the ratsThis is to the ratsThis is to the ratsThis is to the ratsAnd your conscienceStill tears at youYou secretlyWant to be just like meA skull fuckFor every wordJust try to breatheDon't fuck with thisBreak every bone in your faceIf you mess with my life (mess with my life)I'll mess with your bloodBury you in a coffin made of yourA coffin made of your deceptionsBreak every bone in your faceIf you mess with my life (mess with my life)I'll mess with your bloodBury you in a coffin made of yourA coffin made of your deception"
The Crusade,This World Can't Tear Us Apart,"I was so empty, self-loathingBefore you awoke me, lived in transgressionFeasted in sin, destroying all I stood forA world of spreading diseaseWe suffer infidelityThey force-feed on their stiffened sicknessThe prophets hiding their rageJust sucked out some of the painThey take this world into lovelessnessAll the pain in this world won't stop us nowFor we have each otherAll the hate in this world can't tear us apartThis love is foreverIn arms, we'll turn awayFrom their waysWe'll live like no otherTogether, we're hopeAbsoluteThe only thing that mattersA world of spreading diseaseWe suffer infidelityThey force-feed on their stiffened sicknessThe prophets hiding their rageJust sucked out some of the painThey take this world into lovelessnessAll the pain in this world won't stop us nowFor we have each otherAll the hate in this world can't tear us apartThis love is foreverAll the pain in this world won't stop us nowAll the hate in this world can't tear us apartAll the pain in this world won't stop us nowFor we have each otherAll the hate in this world can't tear us apartThis love is forever"
The Crusade,Tread The Floods,"Stress breaking my backPulse is stutteringPressure, mental attackMy thoughts clutteringBeating this dead horse is exhaustingHeartbreaking to see my hands shakingI'm knee-deep in the dead, still wadingStill wading in this This well called ""life""Nervousness halting all willForcing apathyAnxiety an aching chillHammering down meBeating this dead horse is exhaustingHeartbreaking to see my hands shakingI'm knee-deep in the dead, still wadingStill wading in this This well called ""life""Tread the floods so you can hope to seizeYour own reality'Fore it escapes theeWatch yourself drown in disarrayIt's time to break awayOr we'll die today"
The Crusade,Contempt Breeds Contamination,"Mistaken identityYou really got this one wrongRacially singled outHe must have a gunAnd yet you get off with no timeHow can this be the answer?No crime, yet they shot awayHe now lies dead; the blood is on your handsHands, which were supposed to protectPeople like the man you blew awayThis isn't justice; this is corruptionThe four protectors fired 41 shotsHitting him 19 timesSearching the body, there were no weapons foundHe lies with all who died in vainMurder must still be a crimeWhen our inherent freedomIs hatefully gunned downBy who we entrustAnd yet you get off with no timeContempt breeds contamination"
The Crusade,The Rising,"And the Earth begins to shakeA cacophony of roaringAnxiety growingCheers to leaving this mortal life behindSweat begins to downpourA riot we stand forThe blackout foreshadows the chaosSo raise your voices with meAnd sing this song of unitySo raise your hands up with meAnd hold this moment eternallyLike a rift open in the skyThrough fire pulses a lightningWhile thundering sounds ringTempting us to leave life's troubles behindIt's time to stick togetherIt's just so much betterThan life could ever offer"
The Crusade,The Crusade,[Instrumental]
The Crusade,Broken One,"Defeat grips youLife deflates youKills your hopes tooYou won't make it throughPick up the piecesThere is a better wayPut yourself togetherTry to make a changeThis world's so twistedYou can still make a changeProtect and care for the whole worldStop the spread of hateYou feel like the broken oneOver and over againYou taste blood, you're through, you're done!Only you can make it endCan't let it stayKills more each dayAmputate meTear it all awayPick up the piecesThere is a better wayPut yourself togetherTry to make a changeThis world's so twistedYou can still make a changeProtect and care for the whole worldStop the spread of hateYou feel like the broken oneOver and over againYou taste blood, you're through, you're done!Only you can make it end (Over and over again...)Pick up the piecesThere is a better wayPut yourself togetherTry to make a changeThis world's so twistedYou can still make a changeProtect and care for the whole worldStop the spread of hateYou feel like the broken oneOver and over againYou taste blood, you're through, you're done!Only you can make it endYou feel like the broken oneOver and over again (Over and over again...)You taste blood, you're through, you're done!Only you can make it end (Over and over again, Over and over again...)"
The Crusade,Vengeance,"I'll drown you in your legacyPulling you under, the black waves you've createdIn the moonlight, your fighting for silver lusterPerhaps you can call this your baptismDid you tell them it would bring them closer to God?So that's how you can call this your baptism?I'll be the servant who drives purity through the heartAnd there's a filter you need so our sin is all we bringI'll be the torch to burn it all on down into the groundAnd there's a filter you need so our sin is all we bringHeaven will never be a sight for youWhat goes on in your crazed mind, madman clairvoyant?You were supposed to provide guidance, protectionBut it was violation you bestowedDid you tell them it would bring them closer to God?So that's how you can call this your baptism?I'll be the servant who drives purity through the heartAnd there's a filter you need so our sin is all we bringI'll be the torch to burn it all on down into the groundAnd there's a filter you need so our sin is all we bringHeld down, forced fuckedRaped of innocenceShattering the cradle in the name of God(solo)I'll be the servant who drives purity through the heartAnd there's a filter you need so our sin is all we bringI'll be the torch to burn it all on down into the groundAnd there's a filter you need so our sin is all we bringPound the nails through with teeth and skinI'll leave you to die choking on your bloodChoking on your blood!"
Shogun,Kirisute Gomen,"He who walks the fire breathesUnlike the restLiving by the bloody creedKirisute gomenAir of battle tasting staleReeks of deceitSend the bitter straight to hellKirisute gomenIn their wretched guts all they want is to feedUnending, covetous hunger known as greedAs the last legion makes it's way to the skiesI can see in their eyesThey've already diedInside, but as for the outsideI'll take their fucking headsQuake has bred with the stormConceiving warWicked stampeding hordesKirisute gomenI will never be what theyWant me toI live by my own path in lifeNo turningBack now, I won't be held downForced into a shallow grave built upon their empty waysThere's no turning backThere's hell to pay, such disarrayA bloodied mess, flesh masqueradeWith all the blood making a floodYou made your path by crossing usHe who spits the fire seethesAll he detestsDecapitating, bloody creedKirisute gomen"
Shogun,Torn Between Scylla and Charybdis,"Within struggle, amidst horrorInside conflict, visceral warMake a stand here, vanquish all fearDon't hesitate, eradicateTorn between Scylla and CharybdisFeel the fear ripening, go taste itTorn between Scylla and CharybdisFeast fruits of valor, if you face itWalls of carnage surround your weaknessCrash down like oceans, wait for the lightIn total darkness, drowning in bleaknessAwaiting death's grip, cry out for lifeDivided by destinyTorn between death and doomDestruction by decisionFate shows me my open tombApprehension runs down your chinMasticate it, suck those tears inLife's a battle, perpetual crusadeOne against all, time to wield the bladeIn total darkness, drowning in bleaknessAwaiting death's grip, cry out for lifeDivided by destinyTorn between death and doomDestruction by decisionFate shows me my open tombA fight that tests the substanceOf all that you call your lifeDestruction by decisionFate shows me my open tombFace down that which makes you bleedTurn it 'round and force your seedDownFace down that which makes you bleedTurn it 'round and force your seedDownTorn between Scylla and CharybdisFeast fruits of valor, if you face it"
Shogun,Down From The Sky,"A chasm growsIn the cavity of serpentine teethHunger pangs strikeFor the sweet feast of innocent bloodOf innocent bloodshedNow here we goThe vampires feed off the wars of mankindThe vampires feed off the wars of mankindGrowing fat on the throne of an empireTyrant rules with the threat of a great fireI've opened up my eyesSeen the world for what it's worthTears rain down from the skyThey'll blow it all to bitsTo prove whose god wields all the powerFire rains down from the skyThe gaping woundsHemorrhaging the blood from which they feastEat us aliveConsume to feed a hunger with noA hunger with no endLet's fucking goThe vampires feed off the wars of mankindThe vampires feed off the wars of mankindGrowing fat on the throne of an empireTyrant rules with the threat of a great fireI've opened up my eyesSeen the world for what it's worthTears rain down from the skyThey'll blow it all to bitsTo prove whose god wields all the powerFire rains down from the skyThis battle's not the same which they have led us to believeA synthesis of propaganda, terror and deceitWe are the cattle; they the slaughter; our meat: gasolineThey pump us through the machine's valves to cleanse the world's ""disease""We are the ammunition that will cause all life to ceaseAnnihilateAll those who stand in their wayObliterateThey'll rain their holocaust down from the skyThe vampires feed off the wars of mankindThe vampires feed off the wars of mankindGrowing fat on the throne of an empireTyrant rules with the threat of a great fireI've opened up my eyesSeen the world for what it's worthTears rain down from the skyThey'll blow it all to bitsTo prove whose god wields all the powerFire rains down from the skyAnnihilateAll those who stand in their wayObliterateThey'll rain their holocaust down from the sky"
Shogun,Into The Mouth Of Hell We March,"Can't you see, it's not only meThat feels we're linked to the seasMake your way to a massive graveIf you can't fight for each dayTorrential rain at the helm of deathIt drowns the weak, battering the restBlack walls of waves pummel to capsizeThe roaring thunder overshadows our criesSpires of lightning thrown down from the godsMelting skin even in the delugeThe mast is broken, hull is splittingDear god the fucking ship is sinkingI will try to pour all of myself into this lifeBefore I dieSuch turmoil, let's make the blood boilMake your time count or rot as the soilLife is hard, a fucking battleThe time is now and here's your drum rollTorrential rain at the helm of deathIt drowns the weak, battering the restBlack walls of waves pummel to capsizeThe roaring thunder overshadows our criesSpires of lightning thrown down from the godsMelting skin even in the delugeThe mast is broken, hull is splittingDear god the fucking ship is sinkingI will try to pour all of myself into this lifeBefore I dieIf I go before my timeThen take these words evermore into your lifeWe crawl out from the wreckageFingers dig into the sandsOf the shoresEverything we worked forIs ripped apart and ruined, drownedDeep beneath our dying worldThe earth begins to open upInto the mouth of hell we march(Into the mouth of hell)Into the mouth of hell we marchInto the mouth of hell we march(Into the mouth of hell)Into the mouth of hell we marchMarch!Now you see, for it is weWho walk the fire and breatheMake our way out of the graveAnd lick the blood from our bladesSpires of lightning thrown down from the godsMelting skin even in the delugeThe mast is broken, hull is splittingDear god the fucking ship is sinkingI will try to pour all of myself into this lifeBefore I dieIf I go before my timeThen take these words evermore into your life (x2)"
Shogun,Throes Of Perdition,"Blind-folded and gagged, stood waitingWith the whole world: my firing squadAt the edge of the world I'm faced outStaring the sun right in the eyeVultures circle above, hyenas mocking the killExcrement drooling down their chinsAtop the cliffs I look down, into the starving Hell-mouthThe rabid foam crashes hard on it's teethTheir mouth's salivateFantasizing my gruesome endingThis world looks down uponA man who can stand on his own two feetAs they're feeding their guns: ""ready, aim""They say I'll live, if I die for their causeLiving under the rule of fellow Cro-Magnon foolThey fear who leads and will kill to stay stillTheir mouth's salivateFantasizing my gruesome endingThis world looks down uponA man who can stand on his own two feetWithout eating from their clawsLife feels like Hell shouldBut this Hells so coldPull another knife outStick it with rest of themWhen my back is fullTurn me around to face itLife feels like Hell shouldBut this Hells so coldPull another knife outStick it with rest of themWhen my back is fullTurn me around to face itSuch melancholy, burning the stars from skiesAs we melt, drowning inside their bloodied eyesHope is ravaged, running from lacerationsSob so heavily, we choke, then we dieDieDieDieDieDieDieDieDieLife feels like Hell shouldBut this Hells so coldPull another knife outStick it with rest of themWhen my back is fullTurn me around to face itLife feels like Hell shouldBut this Hells so coldPull another knife outStick it with rest of themWhen my back is fullTurn me around to face itLife feels like Hell shouldBut this Hells so coldPull another knife outStick it with rest of themWhen my back is fullTurn me around to face itLife feels like Hell shouldBut this Hells so coldPull another knife outStick it with rest of themWhen my back is fullTurn me around to face itGoSob so heavily, we choke, then we die"
Shogun,Insurrection,"Bow not before his creationThese mortals: ""man""This act of insultBreeds our discontentHe turned his backOn our loyaltyI will bring my insurrectionAnd a war upon heavenI will bring my insurrectionAnd a war upon heavenHell-fire be my destructionFor this war upon heavenForged from fireI declare this warA war against HeavenI bring upon my scourgeFilled with hubrisA declaration of warIt is I who spawns this furyTorches: igniteBlaze is set to engulf all of which we hateStorm in, eviscerateEvery motherfucker in our wayI will bring my insurrectionAnd a war upon heavenI will bring my insurrectionAnd a war upon heavenHell-fire be my destructionFor this war upon heavenForged from fireI declare this warA war against HeavenI bring upon my scourgeFilled with hubrisA declaration of warAscend to the heavensTo destroy them allAscend to the heavensTo destroy them allAscend to the heavensTo destroy them allForged from fireI declare this warA war against HeavenI bring upon my scourgeFilled with hubrisA declaration of warForged from fireI declare this warA war against HeavenI bring upon my scourgeFilled with hubrisA declaration of war"
Shogun,The Calamity,"You cannot be, you're the mistake: calamitySent to destroy all of the goodOn this Earth, killing meYou're killing meThe mother of ruination comes to fuck allMutilating everything, spread wide open, beckoningBeckoning meSpiral faster downRipping a hole through the air we breatheAn apocalypseEncased in a shell, so beautifulThe calamity makes it's way to the insideI know we are feeling the same thingThe calamity makes it's way to the insideTo eat away at our existenceSpewed from the wound of this life's worst cavity; theNightmare spreads it's cancerous lamentations, poisoningForce-feed the plagueDrunk from the milk of death's overflowing sick titNourishing the misery, gives birth to the uglinessThat grows insideSpiral faster downRipping a hole through the air we breatheAn apocalypseEncased in a shell, so beautifulThe calamity makes it's way to the insideI know we are feeling the same thingThe calamity makes it's way to the insideTo eat away at our existenceIsolateThe heart from the brainPermeateInject us with painHolding our breath nowWe're screaming without soundWe're trembling as everything falls completely apartMeteor crash downCome crater our woe outThe banishment of everything once alive will start nowHolding our breath nowWe're screaming without soundThe banishment of everything once alive will start nowYou came to be, you're the mistake: calamityHere to destroy all of the good on this Earth, killing allKilling us allSpiral faster downRipping a hole through the air we breatheAn apocalypseEncased in a shell, so beautifulThe calamity makes it's way to the insideI know we are feeling the same thingThe calamity makes it's way to the insideTo eat away at our existence"
Shogun,He Who Spawned The Furies,"The afterbirth has barely driedWhen the king of ruling timeComes with a sickle in his handTo devourDevourDescendant of chaosDevourCastrated the fatherDevourFearing his overthrowDevourSwallowed his children wholeTake your teeth out of meI have just begun to breathe on my ownI don't know what this isThese eyes can hardly see what is eating meThe prisoners rotting in their cellsChildren of this godless hellDigesting in acidic bloodThe devouredDevourDescendant of chaosDevourCastrated the fatherDevourFearing his overthrowDevourSwallowed his children wholeTake your teeth out of meI have just begun to breathe on my ownI don't know what this isThese eyes can hardly see what is eating meHe who spawned the furiesSevered the genitals of his fatherCreating such beauty: the goddess of loveBut the blood that fell to the groundMade the erinyesHe who spawned the furiesWreathed with serpentsEyes dripping bloodWinged tormentors of criminalsTake your teeth out of meI have just begun to breathe on my ownI don't know what this isThese eyes can hardly see what is eating me"
Shogun,Of Prometheus And The Crucifix,"I am the PrometheanTragic figure in this dreamDream known as life; known as lifeI bring spark into the livesTake the molded, show them fireFire's the spark in their eyesMy flesh is ripped at dailyIt's the cross I bearI feel it tear out my insidesA pain so heavy I could collapseI feel it just may kill meI must brave through this stormI am made exemplaryLashed up by the public sceneFor bearing my heart, my soul's on fireI pull my ribs open nowBleed my heart upon the groundDrink of the blood, take me inMy flesh is ripped at dailyIt's the cross I bearI feel it tear out my insidesA pain so heavy I could collapseI feel it just may kill meI must brave through this stormChain me down, nail me upIt feels so cold on my skinFlesh cut deep from their clawsChew my organs outSalivating with hateCrown of thorns, deathly boards; won'tMake me cease to beYou've turned this scapegoat intoThe lion that will devour you wholeMy flesh is ripped at dailyIt's the cross I bearI feel it tear out my insidesA pain so heavy I could collapseI feel it just may kill meI must brave through this storm"
Shogun,Like Callisto To A Star In Heaven,"Taken forcefullyA thing which never can beErased by timeSince he made you bleed, so violentlyPainful is the kickInside it makes you so sickThe blood that drips down your thighTarnishes virtue; liesWearing a mask familiarA god forced himself on youRaping and impregnatingCausing the exile of your lifeWearing a mask familiarA god forced himself on youRaping and impregnatingCausing the exile of your lifeChanged like Callisto to a star in heavenHate not the flesh that makes meBut seek what lies beneathMy flesh and blood will make the starsThat shake bones underneathNow a forsakenGhost in the eyes of her worldBanished for all timeSince he made you bleed, so violentlyPainful is the kickInside it makes you so sickThe blood that drips down your thighTarnishes virtue; liesWearing a mask familiarA god forced himself on youRaping and impregnatingCausing the exile of your lifeWearing a mask familiarA god forced himself on youRaping and impregnatingCausing the exile of your lifeChanged like Callisto to a star in heavenHate not the flesh that makes meBut seek what lies beneathMy flesh and blood will make the starsThat shake bones underneathHate not the flesh that makes meBut seek what lies beneathMy flesh and blood will make the starsThat shake bones underneathCast out from the righteous life you lovedVengeance comes down from the skies aboveTo wreak havoc and torment the oneWho just gave birth to her true love's sonCursed to roam the Earth alone, a beastWitnesses as her son now fully grownReadied arm to cast a spear, to killCan't recognize, all he sees is fearWearing a mask familiarA god forced himself on youRaping and impregnatingCausing the exile of your lifeWearing a mask familiarA god forced himself on youRaping and impregnatingCausing the exile of your lifeHate not the flesh that makes meBut seek what lies beneathMy flesh and blood will make the starsThat shake bones underneathHate not the flesh that makes meBut seek what lies beneathMy flesh and blood will make the starsThat shake bones underneath"
Shogun,Shogun,"Won't walk the Earth a specterWon't hold my tongue from lashing outThis is my writ of honorDrawn by the blood that I have shedThe beasts will soon assembleConjoining in their putrid fleshTheir hearts don't beat desireThey pump violence and poisonFlesh opens up, blood's retreatingFlesh opens up, blood's retreatingDeath's embracing, all is endingDeath's embracing, all is endingTime will not heal all of your painI cannot wait for it all to come crashingDownThe monsters walk among usLeeching the blood out from what's goodInfecting at transmissionSwallowing innocence from lifeOur time has come to stand forthThe wretched womb from which they feedBehold the loathsome demonsSend them into the hell they madeFlesh opens up, blood's retreatingFlesh opens up, blood's retreatingDeath's embracing, all is endingDeath's embracing, all is endingTime will not heal all of your painI cannot wait for it all to come crashingDown on your face, ripping your veins outYour insides rend and kill you from withinAnd the seas will rise as serpentsSpawned from the mouth of Earth's surfaceSoon the skies will fall fast, burningOpen wide and eat the sufferingThe pulse is now quickeningSoftly, it's painstakingLook within to calm the stormRaging inside the formThere's no turning backFor I'm witness to the changingTake all you have brought to sacrificeFor you will lose much moreIf you succeed in this battleYou still will lose so much moreThe pulse is now quickeningSoftly, it's painstakingLook within to calm the stormRaging inside the formThere's no turning backFor I'm witness to the changingTake all you have brought to sacrificeFor you will lose much moreIf you succeed in this battleYou still will lose so much moreTime has come to face all evilTime has come to face all evilTime has come to face all evilTime has come to face all evilNow the seas rise up as serpentsSpawned from the mouth of Earth's surfaceAs the skies now fall fast burningOpen wide and face the sufferingThe inferno spews out hell's hordeCasting the flames upon our worldAs death eclipses all the lightWe make our last stand, 'til death: fightTime will not heal all of your painI cannot wait for it all to come crashingDown!Time will not heal all of your painI cannot wait for it all to come crashingDown on your face, ripping your veins outYour insides rend and kill you from within"
Shogun,"Poison, The Knife Or The Noose","Don't let this ruin all that I thought that I could beA life amidst entropy is a fate I refuse to seeAs the flames lick our feetCoaxing us to make the leapCerberus drools at the knellCome join the wicked inside HellFall fast down from grace, the world tries to make me evilPunished in this corrupt place, life's so fucking medievalAs the flames lick our feetCoaxing us to make the leapCerberus drools at the knellCome join the wicked inside HellThey will try to pull us downBut we won't cave inWe have something that they can't takeWe know the truth inside'Cause I will fight this by all meansWith poison, the knife or the noose at meOur worldIs a minefieldWith explosives ready to eviscerate the livingSabotageThe devious blindfoldYou're helping cut a hole from here to here below your mouthA battlefieldThis fucking battle's right hereWith man killing man we're only fueling our own extinctionOur worldIs a minefieldWith explosives ready to eviscerate the livingA battlefieldThis fucking battle's right hereWith man killing man we're only fueling our own extinctionDie if in apathy your submissiveness their weaponTurn inertia into rage and ram it through like a spearAs the flames lick our feetCoaxing us to make the leapCerberus drools at the knellCome join the wicked inside HellThey will try to pull us downBut we won't cave inWe have something they can't takeWe know the truth inside'Cause I will fight this by all meansWith poison, the knife or the noose at me"
Shogun,Upon The Shores,"Wandering endlessly upon the shoresFor something that I will never attainBanished here for a life of nothingnessMy only comfort is the sand I bleed onHope is gone, it will never be the sameAll I feel are the repeated stings of painPungent stench of the sins of the worthless onesFaithless cries of the sins of the godless onesMarching on in deathly silenceUpon the shores we goCrashing tides applaud the violenceUpon the shores we goI'm dying endlessly upon the shoresFor something that I will never attainTortured here for a life of nothingnessMy only comfort is the sand I die onHope is gone, it will never be the sameAll I feel are the repeated stings of painPungent stench of the sins of the worthless onesFaithless cries of the sins of the godless onesMarching on in deathly silenceUpon the shores we goCrashing tides applaud the violenceUpon the shores we goCharon, is this the fate for meIs the Obolus all I payCursed to wander the shores of AcheronMy eyes must have been missing silver coinsMaggots drinking the blood of meInsects licking the tears I weepHornets piercing, while wasps are breakingEvery single fucking inch of skin on meHope is gone, it will never be the sameAll I feel are the repeated stings of painPungent stench of the sins of the worthless onesFaithless cries of the sins of the godless onesMarching on in deathly silenceUpon the shores we goCrashing tides applaud the violenceUpon the shores we go"
In Waves,Capsizing The Sea,
In Waves,In Waves,
In Waves,Inception Of The End,
In Waves,Dusk Dismantled,
In Waves,Watch The World Burn,
In Waves,Black,
In Waves,A Skyline's Severance,
In Waves,Ensnare The Sun,[Instrumental]
In Waves,Built To Fall,
In Waves,Caustic Are The Ties That Bind,
In Waves,Forsake Not The Dream,
In Waves,Drowning In Slow Motion,
In Waves,A Grey So Dark,
In Waves,Chaos Reigns,
In Waves,Of All These Yesterdays,
In Waves,Leaving This World Behind,
In Waves,Shattering The Skies Above,
Vengeance Falls,Brave This Storm,
Vengeance Falls,Vengeance Falls,
Vengeance Falls,Strife,
Vengeance Falls,No Way To Heal,
Vengeance Falls,To Believe,
Vengeance Falls,At The End Of This War,
Vengeance Falls,Through Blood and Dirt and Bone,
Vengeance Falls,Villiany Thrives,
Vengeance Falls,Incineration: The Broken World,
Vengeance Falls,Wake (The End Is Nigh),
Vengeance Falls,No Hope For The Human Race,
Vengeance Falls,As I Am Exploding,
Silence In The Snow,Snfall,[Instrumental]
Silence In The Snow,Silence In The Snow,"Here we all stand on this canvas of whiteOur palette holds but only one shade tonightSilence snows in, in her wintery chillLets paint the ground red with the blood of our killKillThe battle goesSilence in the snowWe must fight till they all dieIn their cold bloodSilence in the snowHell has no hold on a warriors mindSee how the snow has made each of us blindVibrant colors spray from new deadStaining the earth such a beautiful redRedThe battle goesOn and onMake your standSilence in the snowWe must fight till they all dieIn their cold bloodSilence in the snowIm left in the coldAs winter unfoldsThe blood on my hands is my ownSilence in the snowWe must fight till they all dieIn their cold bloodSilence in the snowSilence in the snowSilence in the snow"
Silence In The Snow,Blind Leading The Blind,
Silence In The Snow,Dead And Gone,
Silence In The Snow,The Ghost That's Haunting You,
Silence In The Snow,Pull Me From The Void,
Silence In The Snow,Until The World Goes Cold,
Silence In The Snow,Rise Above The Tides,
Silence In The Snow,The Thing That's Killing Me,
Silence In The Snow,Beneath The Sun,
Silence In The Snow,Breathe In The Flames,
Silence In The Snow,Cease All Your Fire,
Silence In The Snow,The Darkness of My Mind,